{
  "mode": "CPU_VERIFIED_DRY_RUN",
  "cuda": false,
  "base_model_id": "Qwen/Qwen2.5-0.5B-Instruct",
  "use_4bit": false,
  "pairs_total": 91,
  "train_n": 72,
  "eval_n": 19,
  "requested_hyperparams": {
    "batch_size": 8,
    "learning_rate": 1e-05,
    "epochs": 3,
    "train_fraction": 0.8
  },
  "effective_hyperparams": {
    "batch_size": 1,
    "learning_rate": 1e-05,
    "epochs": 1,
    "max_steps": 4,
    "max_length": 512
  },
  "train_metrics": {
    "train_runtime": 97.8009,
    "train_samples_per_second": 0.041,
    "train_steps_per_second": 0.041,
    "total_flos": 2309791071744.0,
    "train_loss": 0.3861713781952858,
    "epoch": 0.07142857142857142
  },
  "eval_metrics": {
    "eval_loss": 0.6054090261459351,
    "eval_runtime": 34.6844,
    "eval_samples_per_second": 0.461,
    "eval_steps_per_second": 0.461,
    "eval_num_tokens": 762.0,
    "eval_min_reward": 0.08601312339305878,
    "eval_mean_reward": 0.5745198428630829,
    "eval_max_reward": 1.0630265399813652,
    "eval_accuracy": 0.5,
    "eval_margin": 0.470331571996212,
    "epoch": 0.07142857142857142
  },
  "log_history": [
    {
      "loss": 0.10014496743679047,
      "grad_norm": 13.360063552856445,
      "learning_rate": 0.0,
      "num_tokens": 141.0,
      "min_reward": -0.3829838037490845,
      "mean_reward": 0.7423393130302429,
      "max_reward": 1.8676624298095703,
      "accuracy": 1.0,
      "margin": 2.2506461143493652,
      "epoch": 0.017857142857142856,
      "step": 1
    },
    {
      "loss": 0.20468191802501678,
      "grad_norm": 26.66571807861328,
      "learning_rate": 1e-05,
      "num_tokens": 420.0,
      "min_reward": -0.3769005537033081,
      "mean_reward": 0.364205539226532,
      "max_reward": 1.105311632156372,
      "accuracy": 1.0,
      "margin": 1.4822121858596802,
      "epoch": 0.03571428571428571,
      "step": 2
    },
    {
      "eval_loss": 0.6109373569488525,
      "eval_runtime": 37.703,
      "eval_samples_per_second": 0.424,
      "eval_steps_per_second": 0.424,
      "eval_num_tokens": 420.0,
      "eval_min_reward": 0.09924670308828354,
      "eval_mean_reward": 0.5823395662009716,
      "eval_max_reward": 1.0654324516654015,
      "eval_accuracy": 0.5,
      "eval_margin": 0.45052146911621094,
      "epoch": 0.03571428571428571,
      "step": 2
    },
    {
      "loss": 0.9453856945037842,
      "grad_norm": 31.890159606933594,
      "learning_rate": 7.500000000000001e-06,
      "num_tokens": 614.0,
      "min_reward": -1.928584098815918,
      "mean_reward": -1.7018356323242188,
      "max_reward": -1.475087285041809,
      "accuracy": 0.0,
      "margin": -0.4534968137741089,
      "epoch": 0.05357142857142857,
      "step": 3
    },
    {
      "loss": 0.29447293281555176,
      "grad_norm": 10.823877334594727,
      "learning_rate": 2.5000000000000015e-06,
      "num_tokens": 762.0,
      "min_reward": -0.10539722442626953,
      "mean_reward": 0.43046343326568604,
      "max_reward": 0.9663240909576416,
      "accuracy": 1.0,
      "margin": 1.0717213153839111,
      "epoch": 0.07142857142857142,
      "step": 4
    },
    {
      "eval_loss": 0.6054090261459351,
      "eval_runtime": 31.7955,
      "eval_samples_per_second": 0.503,
      "eval_steps_per_second": 0.503,
      "eval_num_tokens": 762.0,
      "eval_min_reward": 0.08601312339305878,
      "eval_mean_reward": 0.5745198428630829,
      "eval_max_reward": 1.0630265399813652,
      "eval_accuracy": 0.5,
      "eval_margin": 0.470331571996212,
      "epoch": 0.07142857142857142,
      "step": 4
    },
    {
      "train_runtime": 97.8009,
      "train_samples_per_second": 0.041,
      "train_steps_per_second": 0.041,
      "total_flos": 2309791071744.0,
      "train_loss": 0.3861713781952858,
      "epoch": 0.07142857142857142,
      "step": 4
    },
    {
      "eval_loss": 0.6054090261459351,
      "eval_runtime": 34.6844,
      "eval_samples_per_second": 0.461,
      "eval_steps_per_second": 0.461,
      "eval_num_tokens": 762.0,
      "eval_min_reward": 0.08601312339305878,
      "eval_mean_reward": 0.5745198428630829,
      "eval_max_reward": 1.0630265399813652,
      "eval_accuracy": 0.5,
      "eval_margin": 0.470331571996212,
      "epoch": 0.07142857142857142,
      "step": 4
    }
  ],
  "elapsed_sec": 133.40865349769592,
  "output_dir": "checkpoints/gnosis-v2.0-reward",
  "trainable_cats": {
    "CAT1": 13,
    "CAT2": 10,
    "CAT3": 8,
    "CAT4": 9,
    "CAT5": 1,
    "CAT6": 5,
    "CAT7": 5,
    "CAT8": 5,
    "CAT9": 35
  },
  "timestamp": "2026-07-21T15:50:45.008858+00:00"
}
