{
  "version": "v10_final",
  "classes": [
    0,
    1,
    2,
    3,
    4,
    5,
    6,
    7,
    8,
    9,
    42
  ],
  "priors": {
    "0": 0.24850299401197604,
    "1": 0.08682634730538923,
    "2": 0.2275449101796407,
    "3": 0.04790419161676647,
    "4": 0.04491017964071856,
    "5": 0.06287425149700598,
    "6": 0.03592814371257485,
    "7": 0.09580838323353294,
    "8": 0.020958083832335328,
    "9": 0.06287425149700598,
    "42": 0.0658682634730539
  },
  "feature_probs": {
    "0": [
      0.011764705882352941,
      0.011764705882352941,
      0.25882352941176473,
      0.27058823529411763,
      0.1411764705882353,
      0.9176470588235294,
      0.03529411764705882,
      0.09411764705882353
    ],
    "1": [
      0.967741935483871,
      0.03225806451612903,
      0.41935483870967744,
      0.6129032258064516,
      0.5161290322580645,
      0.8709677419354839,
      0.03225806451612903,
      0.03225806451612903
    ],
    "2": [
      0.9358974358974359,
      0.47435897435897434,
      0.01282051282051282,
      0.9871794871794872,
      0.14102564102564102,
      0.41025641025641024,
      0.9871794871794872,
      0.44871794871794873
    ],
    "3": [
      0.3888888888888889,
      0.9444444444444444,
      0.5555555555555556,
      0.05555555555555555,
      0.05555555555555555,
      0.8333333333333334,
      0.05555555555555555,
      0.05555555555555555
    ],
    "4": [
      0.29411764705882354,
      0.9411764705882353,
      0.29411764705882354,
      0.9411764705882353,
      0.058823529411764705,
      0.9411764705882353,
      0.058823529411764705,
      0.058823529411764705
    ],
    "5": [
      0.043478260869565216,
      0.9565217391304348,
      0.043478260869565216,
      0.9565217391304348,
      0.043478260869565216,
      0.08695652173913043,
      0.9565217391304348,
      0.043478260869565216
    ],
    "6": [
      0.35714285714285715,
      0.9285714285714286,
      0.07142857142857142,
      0.42857142857142855,
      0.9285714285714286,
      0.9285714285714286,
      0.07142857142857142,
      0.07142857142857142
    ],
    "7": [
      0.029411764705882353,
      0.9705882352941176,
      0.029411764705882353,
      0.029411764705882353,
      0.9705882352941176,
      0.029411764705882353,
      0.9705882352941176,
      0.029411764705882353
    ],
    "8": [
      0.1111111111111111,
      0.8888888888888888,
      0.1111111111111111,
      0.8888888888888888,
      0.1111111111111111,
      0.1111111111111111,
      0.1111111111111111,
      0.8888888888888888
    ],
    "9": [
      0.9565217391304348,
      0.043478260869565216,
      0.6521739130434783,
      0.043478260869565216,
      0.043478260869565216,
      0.043478260869565216,
      0.9565217391304348,
      0.043478260869565216
    ],
    "42": [
      0.9583333333333334,
      0.9583333333333334,
      0.25,
      0.25,
      0.9583333333333334,
      0.625,
      0.9583333333333334,
      0.9583333333333334
    ]
  },
  "feature_names": [
    "single_occurrence",
    "rule_based",
    "similarity",
    "causality",
    "convention",
    "possibility",
    "fact",
    "reason"
  ],
  "test_accuracy": 1.0,
  "full_accuracy": 0.9910179640718563
}