{
  "version": "v11_final",
  "classes": [
    0,
    1,
    2,
    3,
    4,
    5,
    6,
    7,
    8,
    9,
    42
  ],
  "priors": {
    "0": 0.25149700598802394,
    "1": 0.08982035928143713,
    "2": 0.23053892215568864,
    "3": 0.04790419161676647,
    "4": 0.04491017964071856,
    "5": 0.06287425149700598,
    "6": 0.03592814371257485,
    "7": 0.09880239520958084,
    "8": 0.020958083832335328,
    "9": 0.05089820359281437,
    "42": 0.0658682634730539
  },
  "feature_probs": {
    "0": [
      0.011627906976744186,
      0.011627906976744186,
      0.26744186046511625,
      0.26744186046511625,
      0.13953488372093023,
      0.9186046511627907,
      0.03488372093023256,
      0.09302325581395349
    ],
    "1": [
      0.96875,
      0.03125,
      0.40625,
      0.625,
      0.5,
      0.875,
      0.03125,
      0.03125
    ],
    "2": [
      0.9367088607594937,
      0.46835443037974683,
      0.012658227848101266,
      0.9873417721518988,
      0.13924050632911392,
      0.4050632911392405,
      0.9873417721518988,
      0.4430379746835443
    ],
    "3": [
      0.3888888888888889,
      0.9444444444444444,
      0.5555555555555556,
      0.05555555555555555,
      0.05555555555555555,
      0.8333333333333334,
      0.05555555555555555,
      0.05555555555555555
    ],
    "4": [
      0.29411764705882354,
      0.9411764705882353,
      0.29411764705882354,
      0.9411764705882353,
      0.058823529411764705,
      0.9411764705882353,
      0.058823529411764705,
      0.058823529411764705
    ],
    "5": [
      0.043478260869565216,
      0.9565217391304348,
      0.043478260869565216,
      0.9565217391304348,
      0.043478260869565216,
      0.08695652173913043,
      0.9565217391304348,
      0.043478260869565216
    ],
    "6": [
      0.35714285714285715,
      0.9285714285714286,
      0.07142857142857142,
      0.42857142857142855,
      0.9285714285714286,
      0.9285714285714286,
      0.07142857142857142,
      0.07142857142857142
    ],
    "7": [
      0.02857142857142857,
      0.9714285714285714,
      0.02857142857142857,
      0.02857142857142857,
      0.9714285714285714,
      0.02857142857142857,
      0.9714285714285714,
      0.02857142857142857
    ],
    "8": [
      0.1111111111111111,
      0.8888888888888888,
      0.1111111111111111,
      0.8888888888888888,
      0.1111111111111111,
      0.1111111111111111,
      0.1111111111111111,
      0.8888888888888888
    ],
    "9": [
      0.9473684210526315,
      0.05263157894736842,
      0.7894736842105263,
      0.05263157894736842,
      0.05263157894736842,
      0.05263157894736842,
      0.9473684210526315,
      0.05263157894736842
    ],
    "42": [
      0.9583333333333334,
      0.9583333333333334,
      0.25,
      0.25,
      0.9583333333333334,
      0.625,
      0.9583333333333334,
      0.9583333333333334
    ]
  },
  "feature_names": [
    "single_occurrence",
    "rule_based",
    "similarity",
    "causality",
    "convention",
    "possibility",
    "fact",
    "reason"
  ],
  "test_accuracy": 1.0,
  "full_accuracy": 0.9910179640718563
}