{
  "version": "v12",
  "classes": [
    0,
    1,
    2,
    3,
    4,
    5,
    6,
    7,
    8,
    9,
    42
  ],
  "priors": {
    "0": 0.25149700598802394,
    "1": 0.08982035928143713,
    "2": 0.2125748502994012,
    "3": 0.04790419161676647,
    "4": 0.05389221556886228,
    "5": 0.06287425149700598,
    "6": 0.03592814371257485,
    "7": 0.09880239520958084,
    "8": 0.020958083832335328,
    "9": 0.05089820359281437,
    "42": 0.0748502994011976
  },
  "feature_probs": {
    "0": [
      0.011627906976744186,
      0.011627906976744186,
      0.26744186046511625,
      0.26744186046511625,
      0.13953488372093023,
      0.9186046511627907,
      0.03488372093023256,
      0.09302325581395349
    ],
    "1": [
      0.96875,
      0.03125,
      0.40625,
      0.625,
      0.5,
      0.875,
      0.03125,
      0.03125
    ],
    "2": [
      0.9726027397260274,
      0.4657534246575342,
      0.0136986301369863,
      0.9863013698630136,
      0.1095890410958904,
      0.410958904109589,
      0.9863013698630136,
      0.4383561643835616
    ],
    "3": [
      0.3888888888888889,
      0.9444444444444444,
      0.5555555555555556,
      0.05555555555555555,
      0.05555555555555555,
      0.8333333333333334,
      0.05555555555555555,
      0.05555555555555555
    ],
    "4": [
      0.25,
      0.8,
      0.25,
      0.95,
      0.05,
      0.8,
      0.2,
      0.05
    ],
    "5": [
      0.043478260869565216,
      0.9565217391304348,
      0.043478260869565216,
      0.9565217391304348,
      0.043478260869565216,
      0.08695652173913043,
      0.9565217391304348,
      0.043478260869565216
    ],
    "6": [
      0.35714285714285715,
      0.9285714285714286,
      0.07142857142857142,
      0.42857142857142855,
      0.9285714285714286,
      0.9285714285714286,
      0.07142857142857142,
      0.07142857142857142
    ],
    "7": [
      0.02857142857142857,
      0.9714285714285714,
      0.02857142857142857,
      0.02857142857142857,
      0.9714285714285714,
      0.02857142857142857,
      0.9714285714285714,
      0.02857142857142857
    ],
    "8": [
      0.1111111111111111,
      0.8888888888888888,
      0.1111111111111111,
      0.8888888888888888,
      0.1111111111111111,
      0.1111111111111111,
      0.1111111111111111,
      0.8888888888888888
    ],
    "9": [
      0.9473684210526315,
      0.05263157894736842,
      0.7894736842105263,
      0.05263157894736842,
      0.05263157894736842,
      0.05263157894736842,
      0.9473684210526315,
      0.05263157894736842
    ],
    "42": [
      0.9629629629629629,
      0.9629629629629629,
      0.2222222222222222,
      0.3333333333333333,
      0.9629629629629629,
      0.6296296296296297,
      0.9629629629629629,
      0.9629629629629629
    ]
  },
  "feature_names": [
    "single_occurrence",
    "rule_based",
    "similarity",
    "causality",
    "convention",
    "possibility",
    "fact",
    "reason"
  ],
  "test_accuracy": 0.9861,
  "full_accuracy": 0.991
}