{
  "version": "v8",
  "class_map": [
    0,
    1,
    2,
    3,
    4,
    5,
    6,
    7,
    8,
    9,
    42
  ],
  "feature_names": [
    "single_occurrence",
    "rule_based",
    "similarity",
    "causality",
    "convention",
    "possibility",
    "fact",
    "reason"
  ],
  "models": [
    null,
    {
      "name": "naive_bayes",
      "classes": [
        0,
        1,
        2,
        3,
        4,
        5,
        6,
        7,
        8,
        9,
        10
      ],
      "priors": {
        "0": 0.2537878787878788,
        "1": 0.08712121212121213,
        "2": 0.22727272727272727,
        "3": 0.045454545454545456,
        "4": 0.045454545454545456,
        "5": 0.056818181818181816,
        "6": 0.03409090909090909,
        "7": 0.0946969696969697,
        "8": 0.015151515151515152,
        "9": 0.07575757575757576,
        "10": 0.06439393939393939
      },
      "probs": {
        "0": [
          0.014492753623188406,
          0.014492753623188406,
          0.2753623188405797,
          0.2028985507246377,
          0.14492753623188406,
          0.9420289855072463,
          0.057971014492753624,
          0.08695652173913043
        ],
        "1": [
          0.96,
          0.04,
          0.24,
          0.76,
          0.48,
          0.84,
          0.04,
          0.04
        ],
        "2": [
          0.9032258064516129,
          0.12903225806451613,
          0.016129032258064516,
          0.9838709677419355,
          0.06451612903225806,
          0.3870967741935484,
          0.967741935483871,
          0.20967741935483872
        ],
        "3": [
          0.21428571428571427,
          0.9285714285714286,
          0.6428571428571429,
          0.07142857142857142,
          0.07142857142857142,
          0.7857142857142857,
          0.07142857142857142,
          0.07142857142857142
        ],
        "4": [
          0.2857142857142857,
          0.9285714285714286,
          0.2857142857142857,
          0.9285714285714286,
          0.07142857142857142,
          0.9285714285714286,
          0.07142857142857142,
          0.07142857142857142
        ],
        "5": [
          0.058823529411764705,
          0.9411764705882353,
          0.058823529411764705,
          0.9411764705882353,
          0.058823529411764705,
          0.058823529411764705,
          0.9411764705882353,
          0.058823529411764705
        ],
        "6": [
          0.18181818181818182,
          0.9090909090909091,
          0.09090909090909091,
          0.2727272727272727,
          0.9090909090909091,
          0.9090909090909091,
          0.09090909090909091,
          0.09090909090909091
        ],
        "7": [
          0.037037037037037035,
          0.9629629629629629,
          0.037037037037037035,
          0.037037037037037035,
          0.9629629629629629,
          0.037037037037037035,
          0.9629629629629629,
          0.037037037037037035
        ],
        "8": [
          0.16666666666666666,
          0.8333333333333334,
          0.16666666666666666,
          0.8333333333333334,
          0.16666666666666666,
          0.16666666666666666,
          0.16666666666666666,
          0.8333333333333334
        ],
        "9": [
          0.9545454545454546,
          0.2727272727272727,
          0.6818181818181818,
          0.09090909090909091,
          0.045454545454545456,
          0.5,
          0.5909090909090909,
          0.2727272727272727
        ],
        "10": [
          0.9473684210526315,
          0.9473684210526315,
          0.2631578947368421,
          0.21052631578947367,
          0.9473684210526315,
          0.5789473684210527,
          0.9473684210526315,
          0.9473684210526315
        ]
      }
    },
    null
  ],
  "training_metrics": {
    "train_size": 264,
    "test_size": 73,
    "test_accuracy": 0.9726027397260274,
    "per_class_accuracy": {
      "2": 0.9375,
      "7": 1.0,
      "5": 1.0,
      "9": 1.0,
      "0": 1.0,
      "1": 1.0,
      "3": 0.75,
      "4": 1.0,
      "6": 1.0,
      "42": 1.0,
      "8": 1.0
    }
  }
}