{
  "n_train": 261,
  "n_test": 71,
  "n_classes": 11,
  "classes": [
    0,
    1,
    2,
    3,
    4,
    5,
    6,
    7,
    8,
    9,
    42
  ],
  "logistic_regression": {
    "accuracy": 0.8591549295774648,
    "per_class_accuracy": {
      "0": 1.0,
      "1": 0.8333333333333334,
      "2": 0.8125,
      "3": 1.0,
      "4": 1.0,
      "5": 1.0,
      "6": 1.0,
      "7": 0.5714285714285714,
      "8": 1.0,
      "9": 0.25,
      "42": 1.0
    }
  },
  "naive_bayes": {
    "accuracy": 0.9014084507042254,
    "per_class_accuracy": {
      "0": 1.0,
      "1": 1.0,
      "2": 1.0,
      "3": 0.75,
      "4": 1.0,
      "5": 1.0,
      "6": 1.0,
      "7": 0.5714285714285714,
      "8": 1.0,
      "9": 0.25,
      "42": 1.0
    }
  },
  "ensemble_stumps": {
    "accuracy": 0.4647887323943662,
    "per_class_accuracy": {
      "0": 1.0,
      "1": 0.0,
      "2": 1.0,
      "3": 0.0,
      "4": 0.0,
      "5": 0.0,
      "6": 0.0,
      "7": 0.0,
      "8": 0.0,
      "9": 0.0,
      "42": 0.0
    }
  },
  "combined": {
    "accuracy": 0.8873239436619719
  }
}