{
  "n_train": 258,
  "n_test": 70,
  "n_classes": 11,
  "classes": [
    0,
    1,
    2,
    3,
    4,
    5,
    6,
    7,
    8,
    9,
    42
  ],
  "logistic_regression": {
    "accuracy": 0.7142857142857143,
    "per_class_accuracy": {
      "0": 1.0,
      "1": 1.0,
      "2": 0.375,
      "3": 1.0,
      "4": 1.0,
      "5": 0.75,
      "6": 1.0,
      "7": 0.42857142857142855,
      "8": 0.0,
      "9": 0.0,
      "42": 1.0
    }
  },
  "naive_bayes": {
    "accuracy": 0.7857142857142857,
    "per_class_accuracy": {
      "0": 1.0,
      "1": 1.0,
      "2": 1.0,
      "3": 0.5,
      "4": 1.0,
      "5": 0.0,
      "6": 1.0,
      "7": 0.42857142857142855,
      "8": 0.0,
      "9": 0.0,
      "42": 1.0
    }
  },
  "ensemble_stumps": {
    "accuracy": 0.4714285714285714,
    "per_class_accuracy": {
      "0": 1.0,
      "1": 0.0,
      "2": 1.0,
      "3": 0.0,
      "4": 0.0,
      "5": 0.0,
      "6": 0.0,
      "7": 0.0,
      "8": 0.0,
      "9": 0.0,
      "42": 0.0
    }
  },
  "combined": {
    "accuracy": 0.7857142857142857
  }
}