{
  "naive_bayes_cv": {
    "mean": 0.7327976190476191,
    "std": 0.028136823541442417,
    "folds": [
      0.6857142857142857,
      0.7428571428571429,
      0.71875,
      0.75,
      0.7666666666666667
    ]
  },
  "logistic_regression_cv": {
    "mean": 0.5629761904761905,
    "std": 0.08033831349059097,
    "folds": [
      0.6285714285714286,
      0.6571428571428571,
      0.46875,
      0.59375,
      0.4666666666666667
    ]
  },
  "n_train": 164,
  "n_pending": 26,
  "n_classes": 6,
  "classes": [
    2,
    5,
    7,
    8,
    9,
    42
  ],
  "high_conf_predictions": 18,
  "ambiguous_predictions": 8
}