{
  "phase": "3",
  "naive_bayes_cv": {
    "mean": 0.7935135135135136,
    "std": 0.0079442910576752,
    "folds": [
      0.8,
      0.8,
      0.7837837837837838,
      0.7837837837837838,
      0.8
    ]
  },
  "logistic_regression_cv": {
    "mean": 0.6447511797511798,
    "std": 0.062081201706299605,
    "folds": [
      0.7111111111111111,
      0.725,
      0.5945945945945946,
      0.6216216216216216,
      0.5714285714285714
    ]
  },
  "n_train": 194,
  "n_pending": 26,
  "n_classes": 11,
  "classes": [
    0,
    1,
    2,
    3,
    4,
    5,
    6,
    7,
    8,
    9,
    42
  ],
  "high_conf_predictions": 22,
  "ambiguous_predictions": 4,
  "class_distribution": {
    "2": 79,
    "7": 32,
    "5": 19,
    "9": 10,
    "0": 6,
    "1": 6,
    "3": 6,
    "4": 6,
    "6": 6,
    "42": 22,
    "8": 2
  }
}