{
  "n_train": 263,
  "n_test": 72,
  "n_classes": 11,
  "classes": [
    0,
    1,
    2,
    3,
    4,
    5,
    6,
    7,
    8,
    9,
    42
  ],
  "logistic_regression": {
    "accuracy": 0.9583333333333334,
    "per_class_accuracy": {
      "0": 1.0,
      "1": 1.0,
      "2": 0.8125,
      "3": 1.0,
      "4": 1.0,
      "5": 1.0,
      "6": 1.0,
      "7": 1.0,
      "8": 1.0,
      "9": 1.0,
      "42": 1.0
    }
  },
  "naive_bayes": {
    "accuracy": 1.0,
    "per_class_accuracy": {
      "0": 1.0,
      "1": 1.0,
      "2": 1.0,
      "3": 1.0,
      "4": 1.0,
      "5": 1.0,
      "6": 1.0,
      "7": 1.0,
      "8": 1.0,
      "9": 1.0,
      "42": 1.0
    }
  },
  "ensemble_stumps": {
    "accuracy": 0.4583333333333333,
    "per_class_accuracy": {
      "0": 1.0,
      "1": 0.0,
      "2": 1.0,
      "3": 0.0,
      "4": 0.0,
      "5": 0.0,
      "6": 0.0,
      "7": 0.0,
      "8": 0.0,
      "9": 0.0,
      "42": 0.0
    }
  },
  "combined": {
    "accuracy": 1.0
  }
}